Carlee;1808;1830;1753;1825;1829;1802;1797;2185;2182;2546;2550;3048;3064;3115;3111;3047;3286;3305;3321;3323;3300;3035;2986;2943;2936;2497;2243;2242;2236;2247;2304;2303;2299;2306;2292;2284;2249;2237;2229;2187;2199;2201;2187;1388;1461;1565;1712;1718;1687;1687;1686;1626;1619;1735;1541;1509;1500;1506;1497;1496;1472;1350;1290;1275;1097;1366;1391;1632;1622;1553;1556;1555;1995;1994;1646;1597;1584;2053;1796;1883;1766;1747;1725;1701;1700;1903;1899;1899;1624;1702;1702;1706;1701;1764;1869;1862;1826;1692;2081;2280;2279;2284;2460;2656;2657;2557;2585;2598;2598;2715;2705;2921;2908;2903;2903;2898;2892;2895;2888;3015;2454;2450;2431;2421;2420;2419;2419;2402;2401;2293;2293;2582;2582;2521;2550;2487;2375;2344;2412;2392;2271;2295;1487;1487;1551;1526;1624;1617;1567;1567;1566;1754;1696;1671;1661;1614;1634;1733;1740;1164;1168;1054;997;738;965;985;989;991;1014;1012;796;810;325;0;0;0;0;0;0;0;160;163;185
Ezequiel;5553;5575;5639;5742;5746;5772;5808;4925;4933;5020;5018;4902;4877;5062;5088;5105;5092;5055;4989;4983;4983;4804;4774;4800;4796;4969;5344;5345;5347;4884;4882;4882;4882;4890;4878;4883;4895;4895;4902;4854;4875;4874;4914;5653;5840;5882;5843;5850;5823;5822;5820;5831;5997;6063;6251;6251;6256;6228;6289;6288;6326;6478;6461;6451;6806;6803;6873;7227;7247;7137;7141;7141;7073;7073;6741;6728;6720;6924;6914;7059;7466;7466;7481;7296;7294;7085;7089;7089;7071;7529;7529;7528;7523;7544;7397;7379;7460;7480;6802;7028;6932;6948;6931;7122;7133;7170;7177;7186;7185;7118;7087;7154;6854;6851;6851;6837;6553;6557;6558;6609;6467;6472;6502;6536;6536;6531;6529;6526;6526;6462;6462;6584;6584;6344;6295;6259;6108;6101;6425;6413;6306;6317;5883;5884;5752;5727;5746;5762;5722;5722;5722;5603;5570;5540;5525;5571;5588;5460;5470;5923;5919;5860;5863;5999;5659;5634;5634;5619;5667;5540;5434;5442;4914;5013;4999;4998;4995;5360;5365;5367;5420;5397;5404
Jakoby;1804;1797;1846;1966;1964;1998;2006;1219;1206;985;984;634;626;887;939;920;1042;1070;1088;1095;1190;1307;1363;1443;1440;1922;1622;1622;1628;1000;1030;1029;1025;999;1001;898;913;907;945;929;933;941;947;1565;1645;1668;1686;1649;1645;1644;1642;1694;1764;1516;1578;1575;1572;1565;1570;1569;1589;1964;1981;1980;1443;2116;2213;1962;1938;2186;2178;2177;1716;1715;1507;1519;1500;1753;1828;1593;1795;1788;1794;1678;1677;1564;1559;1558;1229;661;660;659;683;743;655;624;691;802;1004;1075;1134;1141;1019;676;672;772;700;732;731;545;565;0;0;3;4;3;0;2;4;0;397;404;382;433;432;428;429;451;451;378;378;482;481;630;688;735;844;840;1301;1314;1447;1437;2242;2241;2463;2474;2560;2552;2508;2507;2506;2285;2452;2448;2439;2481;2477;2478;2477;2282;2340;2386;2305;1987;2700;2757;2763;2716;2719;2474;2460;2438;2797;3169;3233;3231;3233;3406;3407;3404;3471;3438;3419
Elizario;8309;8304;8235;8431;8434;8415;8401;9248;9233;9393;9391;9274;9260;9292;9341;9389;9493;9484;9505;9503;9596;9701;9671;9646;9640;8882;9144;9110;9110;8689;8664;8663;8669;8696;8700;8690;8700;8690;8679;8646;8570;8551;8573;9262;9111;9135;9104;9136;9207;9206;9212;9309;9524;9518;9206;9178;9169;9170;9128;9127;9183;9431;9486;9478;9977;10149;9987;9883;9903;9989;9984;9983;9781;9781;10363;10328;10311;10643;10739;10413;10545;10537;10533;10699;10699;10502;10495;10495;10721;10060;10059;10057;10038;9991;10113;10109;10030;10144;9930;9871;9760;9746;9795;9834;9820;9266;9324;9352;9351;9478;9516;9876;9785;9785;9784;9783;9943;9950;9947;9961;9835;9832;9846;9865;9865;9866;9864;9874;9874;9960;9959;10097;10096;9854;9799;9768;9875;9824;9726;9740;9795;9790;9846;9845;9968;10016;10006;9974;9938;9938;9938;9856;9629;9640;9639;9508;9478;9726;9757;9478;9495;9572;9527;9750;9147;9120;9110;9144;9162;8348;8623;8626;9090;9388;9361;9353;9355;9986;9988;9985;9830;9857;9867
Royal;9376;9374;9288;8827;8827;8812;8813;8836;8830;8690;8683;8682;8680;8482;8460;8467;8504;8460;8434;8439;8422;8015;7843;7802;7803;7602;7752;7750;7743;7272;7303;7302;7302;7302;7286;7056;6960;6988;6991;6963;7013;6982;6942;6753;6905;6885;6922;6873;6888;6888;6887;6931;6769;6612;6617;6631;6638;6631;6658;6658;6723;6409;6454;6459;5639;5821;5923;5957;5943;6094;6098;6097;6692;6692;7037;7038;7059;6644;6592;7008;6818;6826;6825;6597;6598;6717;6709;6709;6881;7112;7112;7107;7080;7015;7291;7281;7237;7293;7503;7510;7262;7264;7230;7094;7090;6991;6971;7066;7066;7041;7013;7034;7429;7433;7431;7421;7050;7036;7032;6958;7137;7136;7097;7073;7073;7073;7071;7139;7139;6987;6987;7118;7117;7020;6902;6888;6892;6957;7039;7004;7002;6985;6717;6716;6566;6532;6396;6407;6402;6402;6402;6134;5969;5954;5968;6081;6067;5970;5989;7024;6984;7109;7108;6669;6594;6762;6758;6796;6795;7567;7704;7717;8160;8205;8230;8217;8214;8183;8178;8177;8231;8268;8291
Trekeith;6110;6122;6069;5935;5924;5947;5963;6228;6217;6176;6176;6394;6385;6539;6639;6671;6780;6765;6816;6807;6797;6788;6597;6587;6583;6931;6905;6906;6898;7430;7447;7446;7448;7478;7474;7340;7377;7387;7383;7316;7313;7302;7297;8084;8101;8103;8025;8060;8013;8012;8007;8041;8209;7995;8025;8035;8041;8065;8053;8052;8078;8090;8186;8174;8463;8574;8498;8689;8664;8941;8939;8938;8505;8504;8188;8188;8201;8216;8241;8362;8715;8717;8703;8776;8776;8590;8583;8583;8369;8731;8730;8730;8736;8735;8822;8833;8965;8943;8802;8793;8652;8652;8455;7973;7959;7528;7509;7502;7501;7258;7327;7435;6882;6883;6880;6889;6650;6658;6649;6510;6506;6510;6512;6519;6518;6522;6522;6529;6529;6637;6636;6794;6794;6780;6818;6827;6855;6877;6772;6811;6607;6591;6950;6950;6815;6809;6850;6872;6883;6883;6883;7184;7207;7223;7225;7354;7330;7615;7626;8061;8066;7988;8007;8225;7606;7583;7587;7551;7547;7543;7582;7594;7128;7041;7046;7036;7034;6973;6975;6972;7076;7097;7110
Santos;7726;7728;7688;8026;8013;8036;8063;7048;7062;6975;6975;7060;7042;6909;6792;6814;6778;6779;6740;6736;6703;6310;6221;6203;6199;5928;5418;5419;5417;5168;5062;5061;5065;5047;5063;5127;5104;5131;5119;5064;4782;4767;4783;6085;6001;6129;6124;6216;6175;6174;6172;6095;6290;5973;5897;5891;5893;5871;5905;5904;5861;5944;5903;5898;5886;5869;6093;5784;5814;5813;5811;5811;6209;6209;6464;6496;6499;6459;6631;6571;7215;7200;7192;7224;7223;7156;7156;7156;7750;7188;7188;7187;7196;7183;7354;7352;7446;7486;7385;7546;7605;7602;7693;7836;7821;7950;7998;7981;7981;7985;7973;7997;7961;7961;7961;7957;7632;7627;7615;7554;7530;7528;7570;7581;7580;7576;7576;7656;7656;7565;7564;7690;7689;7740;7791;7828;7674;7674;7983;7975;8048;8020;7986;7984;8097;8120;8113;8094;8106;8106;8105;8475;8431;8453;8445;8462;8490;8660;8668;8632;8582;8479;8511;8808;8606;8755;8746;8762;8798;8384;8509;8520;8470;8414;8426;8441;8441;8906;8899;8895;8755;8719;8707
Colton;1753;1721;1815;2023;2025;2037;2031;1375;1381;1470;1468;1449;1501;1862;1862;1856;1732;1697;1681;1682;1707;1769;1776;1708;1711;1653;1365;1366;1368;2002;1961;1960;1959;1927;1924;1781;1638;1662;1671;1768;1759;1772;1791;1379;1484;1495;1439;1428;1425;1425;1428;1473;1699;1532;1548;1555;1547;1518;1486;1486;1492;1552;1518;1510;610;566;466;16;8;7;9;8;0;0;0;1;0;0;0;0;0;0;16;74;75;329;327;327;704;329;329;328;325;287;147;147;0;122;110;0;24;8;0;317;325;181;170;173;172;508;528;609;251;248;245;248;405;404;389;262;717;713;694;725;725;723;721;724;723;645;644;696;696;675;729;687;667;712;572;550;454;497;387;389;382;392;292;241;257;256;256;806;666;703;697;720;727;710;705;1260;1266;1180;1194;1033;805;797;802;897;886;686;582;555;387;857;899;911;919;534;541;540;504;500;542
Keenan;7419;7401;7429;7301;7305;7273;7274;7903;7924;7958;7958;7975;7999;7784;7734;7733;7682;7644;7607;7604;7555;7612;7548;7595;7596;7744;7843;7851;7847;7434;7453;7452;7452;7443;7433;7181;7158;7136;7139;7088;7077;7063;7038;6175;6239;6216;6250;6244;6164;6164;6167;6204;6396;6283;6361;6364;6368;6379;6351;6353;6373;6469;6504;6502;6836;6779;6760;6881;6921;7243;7241;7241;7548;7548;7263;7292;7292;7228;7207;7088;7107;7101;7099;7208;7208;7434;7442;7441;6881;7348;7348;7346;7342;7281;6952;6911;6917;6818;6359;6316;6438;6449;6185;6459;6448;5859;5844;5817;5817;5936;5930;5843;5918;5921;5921;5937;6134;6132;6141;6102;6165;6166;6141;6166;6166;6166;6167;6152;6151;6123;6122;6162;6161;6176;6082;6136;6193;6151;6424;6395;6264;6266;6005;6004;5970;6005;5943;5977;6023;6022;6021;6047;6135;6129;6120;6215;6207;6259;6238;6539;6568;6619;6592;6957;7017;6840;6849;6818;6864;7266;7071;7091;6973;6809;6796;6784;6786;7181;7179;7180;7203;7196;7216
Oyate;6756;6764;6765;6920;6914;6925;6967;6991;6981;7358;7356;7387;7378;7495;7511;7449;7553;7551;7594;7596;7558;7222;7053;7030;7027;7340;7021;7035;7039;6700;6605;6604;6605;6607;6623;6524;6476;6486;6490;6465;6381;6373;6352;6639;6585;6688;6786;6847;6853;6853;6853;6844;6623;6470;6243;6237;6227;6220;6248;6247;6161;6165;6156;6152;5610;5521;5552;5546;5541;5456;5458;5458;5262;5262;5461;5410;5424;4739;4720;4819;4962;4962;4938;5133;5133;5221;5217;5216;4837;5113;5112;5111;5108;4968;5348;5353;5549;5573;5223;5280;5370;5381;5147;4633;4628;4124;4148;4121;4120;3951;3967;3976;4002;4006;4005;4018;4125;4124;4123;4007;3919;3918;3922;3860;3860;3858;3860;3818;3818;3822;3822;3739;3739;3691;3655;3646;3618;3648;4353;4357;4493;4530;4713;4714;4838;4892;5042;5088;5143;5142;5142;5001;5093;5180;5181;5164;5165;4959;4965;4803;4765;4705;4710;4675;4842;4854;4862;4825;4792;4936;4786;4762;4543;4317;4275;4278;4280;4382;4396;4398;4435;4467;4439
Chandler;3989;3976;3958;3946;3950;3960;3935;3939;3946;4024;4023;4099;4136;4075;4021;4013;3950;3950;3978;3974;4018;3827;3718;3742;3743;4485;4055;4036;4031;4277;4293;4293;4291;4251;4253;4326;4321;4317;4320;4385;4531;4516;4540;4655;4537;4487;4763;4698;4673;4672;4676;4665;4360;4275;4094;4098;4109;4103;4039;4039;4051;3975;4008;4028;4106;4138;4312;4364;4351;4184;4188;4187;4165;4164;4413;4421;4438;4621;4672;4718;4805;4805;4802;4928;4929;5224;5221;5221;5259;5594;5594;5591;5564;5523;5175;5207;5052;5052;4466;4121;4182;4206;4058;4468;4476;4661;4677;4705;4705;5025;5048;5085;5277;5276;5274;5284;5421;5439;5433;5420;6071;6070;6052;6076;6076;6072;6075;6093;6092;6052;6051;5970;5969;5790;5680;5652;5481;5505;5360;5391;5500;5510;5024;5024;5060;4989;4978;4974;4982;4981;4980;4937;4801;4848;4840;4815;4819;4853;4840;5193;5187;5305;5273;5562;5256;5205;5210;5131;5150;4613;4494;4479;4181;3979;4021;3998;4004;4006;4008;4009;4175;4196;4192
Stefan;9713;9719;9832;10016;10018;10022;10018;10145;10146;10833;10832;10758;10771;10746;10712;10781;10964;10998;11095;11088;11122;11256;11256;11245;11243;11225;11334;11328;11318;10852;10968;10968;10968;10958;10973;11055;10975;10959;10970;10982;11049;11038;11003;11276;11435;11391;11287;11261;11206;11205;11205;11199;11341;11310;11169;11180;11178;11163;11127;11127;11210;11206;11308;11326;10963;11018;10899;11042;11057;11192;11193;11191;11637;11637;11447;11408;11433;11154;11062;11153;11416;11420;11429;11228;11229;11003;11003;11002;11020;10432;10432;10429;10421;10341;10443;10442;10526;10509;9917;9828;9783;9750;9845;9476;9476;8936;8928;8966;8966;8457;8462;8494;8946;8946;8946;8940;9584;9586;9598;9836;9662;9662;9653;9662;9661;9663;9662;9764;9764;9777;9776;9949;9948;10088;10070;10137;10068;10107;9638;9619;9482;9498;8736;8736;8734;8710;8648;8644;8621;8621;8620;8663;8521;8506;8493;8526;8534;8792;8788;8865;8844;8866;8841;9306;9693;9652;9652;9640;9597;9382;9341;9349;8898;8966;8981;8955;8957;8782;8775;8778;8775;8775;8745
Paul;2337;2363;2536;2518;2511;2499;2448;2655;2657;2278;2279;2515;2514;2497;2447;2460;2855;2770;2795;2793;2697;3192;3188;3144;3147;3122;2869;2872;2874;2964;2905;2904;2907;2933;2942;3090;3075;3049;3037;3085;3095;3110;3138;2871;2871;2835;3128;3113;3122;3121;3123;3121;2968;2931;3332;3332;3328;3314;3279;3279;3292;3346;3364;3357;3695;3602;3520;3773;3798;4168;4168;4167;4876;4875;5062;5060;5040;5568;5736;5507;5490;5479;5502;5706;5706;5327;5329;5329;5274;5313;5312;5311;5289;5242;5478;5495;5472;5480;4575;4345;4210;4201;4154;4516;4516;4874;4834;4807;4806;5328;5349;5388;5095;5086;5085;5085;5348;5336;5345;5408;5149;5154;5165;5112;5112;5107;5104;5132;5131;5089;5088;5082;5082;5106;5043;5021;5170;5138;5589;5580;5719;5721;5342;5343;5364;5325;5295;5298;5317;5317;5317;5786;5573;5608;5608;5758;5762;5458;5473;5595;5614;5494;5546;5083;4884;4922;4919;5018;5023;5351;5271;5275;5351;5534;5510;5514;5515;5626;5615;5615;5712;5641;5626
Derrick;1210;1198;1171;1205;1215;1232;1212;999;1017;1039;1035;739;774;859;778;822;993;1009;1026;1020;1047;551;547;653;660;962;734;734;734;1352;1319;1318;1316;1307;1336;1439;1460;1490;1501;1468;1458;1427;1455;2591;2683;2765;2844;2895;2928;2928;2916;2883;3120;2957;2933;2928;2916;2935;2972;2972;3005;3124;3139;3145;3543;3381;3482;3722;3727;3756;3754;3754;3713;3712;3960;3980;3997;3339;3318;3093;2878;2875;2872;3103;3101;3181;3167;3166;3401;3361;3361;3363;3334;3358;3672;3677;3658;3761;3182;3127;3419;3439;3177;3339;3343;3399;3421;3376;3375;3263;3247;3332;3686;3683;3682;3694;3772;3774;3776;3637;3955;3957;3946;3917;3917;3923;3920;3884;3883;3850;3850;3838;3837;3772;3717;3717;3623;3621;3945;3933;4034;4061;4644;4643;4538;4512;4438;4462;4469;4468;4467;4331;4365;4320;4323;4376;4352;4400;4397;4330;4293;4320;4342;4800;5035;5016;5014;4952;4870;4670;4571;4570;4499;4041;3985;3969;3968;4092;4090;4086;4030;4061;4032
Shauntino;8048;8051;8027;8052;8047;8075;8107;8323;8308;8375;8374;8207;8258;8246;8209;8241;8416;8434;8481;8483;8524;7996;7699;7779;7780;7318;6714;6724;6725;6727;6742;6741;6741;6743;6743;6612;6551;6512;6539;6565;6606;6613;6647;6534;6580;6566;6844;6826;6782;6781;6774;6771;6828;6747;6749;6763;6750;6739;6700;6700;6680;6597;6666;6675;6073;5857;5726;5970;5957;5986;5980;5980;5602;5600;5566;5558;5552;6123;6216;6486;6479;6479;6477;6446;6445;6543;6546;6545;6535;6750;6749;6747;6731;6785;6621;6616;6535;6663;7197;7090;7182;7210;7386;7485;7490;7882;7870;7856;7855;8151;8150;8161;8596;8594;8594;8609;8231;8219;8215;8326;8585;8586;8603;8617;8616;8608;8608;8627;8626;8642;8642;8609;8609;8846;8871;8930;8923;8881;9095;9142;9272;9255;8598;8599;8376;8340;8430;8438;8427;8426;8425;8711;8918;8888;8892;8923;8928;8978;8983;8799;8849;8852;8873;8316;7777;7833;7817;7794;7829;7805;7692;7675;6981;7453;7459;7486;7489;8039;8042;8037;8033;8059;8067
Myron;3287;3269;3301;3340;3337;3312;3355;3850;3847;3822;3823;4235;4214;4499;4467;4476;4357;4399;4357;4356;4299;4212;3987;3989;3992;3591;3666;3654;3660;3227;3291;3291;3292;3280;3273;3320;3334;3380;3360;3322;3439;3418;3397;3406;3301;3335;3364;3324;3319;3319;3318;3312;3354;3190;3190;3193;3186;3167;3088;3087;3161;3177;3306;3306;3271;3390;3372;3625;3624;3512;3517;3517;3787;3786;3837;3858;3881;3652;3746;3567;3415;3413;3424;3371;3371;3473;3476;3476;3351;3217;3217;3217;3215;3306;3295;3301;3269;3488;3370;3203;3195;3202;3261;3556;3551;3518;3469;3454;3453;3252;3269;3030;3020;3024;3022;3022;2995;2994;2992;2795;3127;3121;3127;3026;3026;3028;3025;2986;2985;2750;2750;2761;2761;2706;2667;2620;2500;2506;2648;2637;2815;2800;3316;3317;3345;3331;3329;3348;3343;3342;3342;2972;2956;2993;3001;2962;2975;3248;3241;3700;3706;3751;3664;3363;3917;3844;3853;3873;3898;4074;4058;4047;4177;4124;4068;4071;4069;4289;4286;4288;4303;4293;4316
Tahma;4840;4820;4913;5193;5196;5220;5245;4455;4448;4850;4853;4896;4912;4835;4682;4626;4657;4650;4711;4710;4768;4702;4566;4555;4561;4458;4411;4418;4425;4095;4111;4111;4114;4067;4070;4029;3991;3995;4017;4009;4104;4136;4119;4327;4483;4505;4254;4236;4142;4142;4141;4114;4217;4112;3827;3844;3844;3831;3829;3829;3815;3879;3925;3930;4607;4491;4542;4491;4474;4565;4566;4565;4539;4538;4710;4724;4719;4409;4379;4289;4387;4386;4377;4228;4228;4342;4335;4334;4195;4111;4111;4112;4111;4000;3644;3654;3773;3679;3195;3169;3155;3161;3196;3098;3105;4121;4165;4154;4153;4279;4278;4484;4442;4446;4447;4450;4082;4086;4078;4071;4311;4312;4288;4323;4322;4326;4326;4385;4385;4484;4484;4579;4579;4607;4602;4588;4565;4549;4304;4321;4326;4315;5463;5466;5377;5320;5454;5455;5481;5480;5479;6119;6169;6155;6148;6229;6250;6045;6061;5768;5741;5729;5693;5566;6307;6325;6321;6252;6223;6158;6279;6285;6255;6029;6041;6028;6027;5863;5869;5869;5799;5753;5778
Canion;1678;1704;1679;1490;1490;1466;1440;1482;1478;1690;1686;1629;1633;1804;1695;1682;1887;1882;1909;1914;1964;2454;2384;2369;2374;2239;1934;1937;1934;744;686;685;690;657;668;630;504;490;522;559;545;544;587;601;519;608;753;759;765;765;766;696;543;710;868;881;874;886;862;862;815;850;818;816;417;85;19;0;0;0;0;0;726;727;360;429;411;434;157;99;252;258;262;247;247;0;1;1;0;34;33;30;45;149;347;338;354;405;839;761;704;721;402;971;983;1378;1346;1299;1299;1333;1329;1093;1184;1185;1182;1180;970;967;963;721;699;689;704;763;762;762;764;812;812;829;828;1004;1003;877;856;922;774;838;838;811;935;872;1026;1027;808;772;771;791;779;778;777;1171;1333;1286;1281;1319;1308;1454;1443;989;1017;1114;1139;769;1321;1344;1334;1370;1371;1041;1293;1311;932;1051;1037;1042;1038;1578;1580;1577;1492;1490;1487
Wallace;5122;5122;5295;5227;5239;5230;5247;5280;5305;5571;5566;5506;5477;5585;5509;5530;5523;5524;5486;5483;5403;5469;5624;5614;5626;5448;5205;5212;5215;5886;5890;5890;5895;5908;5911;5967;5996;5963;5957;5833;5820;5812;5784;5932;6112;6220;6248;6272;6339;6338;6330;6372;6310;6295;6565;6582;6582;6577;6475;6474;6515;6744;6643;6635;7768;7858;7879;7689;7700;7358;7350;7350;7184;7183;7327;7322;7304;7831;7758;7764;7788;7788;7793;7924;7924;8188;8191;8191;8790;8700;8699;8698;8701;8739;8644;8642;8712;8603;9169;9155;9076;9094;9153;10197;10197;10025;10002;9991;9990;9866;9859;9415;8838;8842;8842;8855;8781;8774;8776;8730;8986;8978;8980;8962;8962;8957;8958;8892;8892;8911;8911;8580;8579;8696;8830;8841;8780;8802;8572;8578;8710;8729;9086;9083;9065;9109;9122;9086;9070;9069;9068;9087;9260;9254;9253;9164;9157;9212;9202;9591;9593;9652;9625;9835;10281;10330;10334;10351;10338;10166;10155;10124;9776;9606;9633;9624;9624;8892;8889;8888;8899;8904;8876
Bryton;3441;3435;3472;3071;3064;3070;3129;3491;3501;3440;3441;3384;3430;3545;3415;3419;3382;3341;3407;3405;3421;3668;3624;3694;3686;3861;3564;3565;3564;3656;3683;3683;3683;3637;3642;3625;3601;3631;3626;3719;3725;3716;3715;3602;3544;3650;3749;3764;3741;3741;3737;3696;3783;4120;4059;4051;4049;4098;4030;4030;4016;4091;4188;4174;4097;4459;4442;4588;4580;4658;4662;4662;4520;4518;4922;4946;4947;4869;4879;4790;4648;4653;4637;4768;4767;4864;4873;4873;4611;4227;4226;4222;4224;4068;4136;4117;4108;4289;3052;3126;3068;3067;2979;2585;2582;2427;2391;2385;2385;2141;2153;2063;1866;1866;1867;1869;1817;1799;1803;1796;1023;1019;1007;1012;1010;1009;1007;1050;1050;950;949;912;912;850;771;807;1075;1054;797;790;764;746;410;406;175;201;124;29;0;0;0;323;361;341;333;225;217;186;197;490;490;434;466;1035;1693;1664;1664;1617;1617;1745;1848;1870;1871;2158;2153;2145;2145;2160;2163;2167;2337;2369;2403
Brendin;8662;8663;8637;8634;8642;8648;8637;8787;8798;8901;8899;8534;8545;8522;8621;8609;8529;8566;8626;8618;8531;8592;8766;8778;8774;9085;8631;8626;8622;8465;8483;8482;8481;8489;8486;8748;8818;8785;8798;8804;8937;8937;8906;8920;8854;8892;8741;8718;8624;8623;8623;8635;8610;8626;9226;9231;9233;9231;9192;9191;9263;9229;9239;9252;9257;9444;9338;9598;9618;10047;10044;10045;9505;9504;9405;9401;9408;9889;9967;10124;10217;10205;10204;10139;10138;9849;9854;9854;9456;9877;9877;9879;9862;9767;9857;9855;9854;9868;9430;9484;9425;9431;9527;10115;10117;9671;9632;9666;9666;9763;9751;9638;10101;10101;10101;10105;10003;10014;10026;9957;9609;9611;9606;9664;9663;9662;9661;9602;9602;9579;9579;9776;9776;10012;10065;10062;10199;10242;10331;10362;10106;10096;9791;9792;9853;9830;9954;9930;9905;9903;9903;10353;10148;10144;10145;10073;10068;9937;9929;10575;10612;10585;10651;10198;10054;10120;10119;10108;10042;10452;10356;10343;10279;10186;10202;10171;10166;10423;10417;10416;10445;10449;10445
Werner;2760;2776;2587;2730;2734;2736;2696;2614;2596;2032;2030;2444;2372;2473;2352;2355;2362;2306;2306;2303;2302;2365;2403;2397;2399;1751;1703;1699;1707;1977;2067;2066;2069;2075;2074;2226;2326;2333;2346;2443;2454;2438;2458;2720;2842;2892;2805;2735;2672;2672;2671;2665;2786;2850;3158;3148;3137;3144;3122;3122;3067;3067;3231;3238;2261;2203;2186;2531;2558;2765;2768;2767;2994;2994;2939;2982;2992;3367;3361;3312;3437;3421;3426;3426;3426;3832;3828;3828;3589;3735;3734;3735;3712;3663;3944;3947;4134;3941;2580;2907;2857;2853;2539;2873;2860;2877;2882;2895;2895;3228;3252;3173;3314;3314;3312;3326;2901;2896;2894;2933;2550;2554;2557;2578;2578;2585;2584;2606;2605;2669;2669;2461;2461;2605;2514;2579;2805;2802;3068;3074;3412;3440;3786;3787;3967;4009;4219;4217;4189;4189;4189;4420;4593;4573;4566;4589;4614;4708;4719;4367;4343;4387;4361;4195;4071;4060;4070;4029;4005;3776;3557;3565;3516;3327;3361;3333;3333;3116;3115;3113;3021;2994;3001
Raul;4035;3996;4138;4117;4128;4153;4194;4906;4916;4989;4989;5369;5328;5511;5518;5533;5375;5361;5335;5337;5287;5068;4902;4938;4937;5033;5162;5163;5162;4420;4394;4393;4389;4432;4439;4314;4320;4304;4287;4348;4518;4521;4523;5223;5078;5047;5461;5468;5424;5424;5426;5448;5095;5010;5201;5240;5234;5231;5257;5256;5400;5367;5372;5363;6320;6251;6218;6192;6173;6340;6344;6344;6441;6441;5985;5984;6012;5642;5637;5527;5848;5853;5865;5920;5921;6166;6166;6166;5965;5680;5680;5678;5690;5750;5814;5842;5784;5854;5910;5962;5964;5954;6001;6774;6768;6629;6680;6724;6723;6876;6919;7153;7420;7420;7418;7434;7254;7254;7252;7283;7583;7586;7588;7600;7600;7597;7600;7626;7625;7469;7469;7611;7610;7708;7648;7635;7410;7405;7416;7444;7249;7267;7284;7282;7302;7285;7445;7486;7564;7564;7563;7414;7459;7499;7497;7583;7580;7568;7552;7448;7446;7496;7419;7591;7375;7394;7404;7385;7418;7398;7441;7418;7195;7167;7208;7207;7208;6881;6864;6865;6812;6822;6817
Farley;181;208;269;575;568;548;540;229;220;315;312;747;755;945;940;920;960;1002;917;915;984;1412;1555;1603;1599;1457;1789;1786;1788;2431;2420;2420;2425;2418;2424;2491;2406;2399;2408;2434;2351;2335;2347;1066;914;828;982;1003;972;972;970;969;1310;1400;1646;1645;1644;1643;1559;1559;1526;1494;1548;1526;1799;1852;1918;2213;2256;2011;2012;2012;2862;2861;2543;2541;2528;2370;2406;2476;2480;2489;2491;2405;2405;2552;2548;2547;2613;2827;2826;2826;2802;2722;2469;2481;2447;2533;2334;2599;2587;2600;2579;2480;2480;2243;2202;2151;2150;1949;1964;1588;1294;1294;1292;1278;1432;1429;1427;1557;1602;1596;1564;1552;1551;1547;1549;1574;1573;1567;1567;1621;1621;1552;1433;1425;1579;1567;1695;1696;1477;1518;706;704;395;428;247;254;284;285;284;566;525;599;605;552;559;378;387;0;0;0;53;686;636;472;478;405;455;558;566;514;115;0;30;9;8;427;422;423;394;394;419
Orson;421;419;454;354;362;385;395;925;898;479;481;673;652;760;644;639;420;530;593;594;676;659;599;662;662;1594;1374;1364;1370;1361;1361;1360;1360;1338;1337;1383;1369;1360;1381;1352;1429;1449;1490;1157;1205;1205;1336;1306;1301;1300;1303;1331;1333;1381;1923;1907;1907;1900;1858;1857;1875;1863;1914;1913;2079;1844;1847;2645;2652;2871;2873;2872;3204;3203;3356;3354;3339;3317;3078;3041;3229;3234;3237;3018;3016;3056;3054;3053;3017;3005;3005;3007;3032;2925;2940;2929;2999;2996;2641;2872;2909;2919;2916;3409;3395;3293;3253;3203;3203;3480;3458;3431;3404;3406;3403;3403;2999;3003;3005;2896;3100;3103;3116;3137;3137;3135;3134;3073;3072;3122;3121;3020;3019;3097;3098;3061;3091;3072;2908;2857;2962;2938;3421;3419;3374;3429;3190;3202;3248;3247;3246;3171;3388;3415;3420;3407;3407;3255;3263;3587;3611;3581;3579;3851;4220;4182;4182;4172;4177;3706;3635;3638;3874;3455;3531;3511;3514;4384;4368;4367;4335;4343;4357
Lloyd;2981;3024;2949;2858;2868;2876;2869;1773;1766;1849;1850;2074;2129;2137;2135;2137;2168;2092;2157;2152;2177;2623;2720;2651;2655;3001;2998;2970;2970;1609;1586;1586;1588;1554;1549;1502;1622;1630;1625;1665;1849;1852;1863;835;912;871;963;975;935;935;933;932;902;911;1034;1037;1025;1030;1004;1002;924;1106;1007;1017;1050;804;710;1142;1121;1566;1568;1567;2045;2045;1980;2013;2004;1548;1651;1755;1713;1713;1741;1861;1861;1537;1538;1538;1453;1666;1665;1664;1659;1641;1733;1730;1803;1728;2478;2573;2731;2719;2513;2818;2810;3202;3173;3170;3170;3285;3238;3103;3095;3093;3093;3102;2893;2885;2886;2968;2982;2980;2952;2975;2974;2976;2975;2902;2901;2882;2881;2898;2898;2912;2886;2855;2862;2872;2624;2619;2613;2669;3168;3166;3128;3127;3146;3144;3134;3133;3133;2592;2521;2541;2544;2603;2589;2569;2582;2682;2757;2874;2866;2995;3141;3095;3088;3155;3158;3284;3180;3219;3318;3158;3124;3147;3149;3168;3170;3167;3047;3065;3063
Jamile;8834;8805;8773;8886;8876;8861;8866;8019;8015;8176;8176;7902;7938;8033;8009;8015;7907;7867;7856;7861;7967;8113;8043;8121;8119;8039;8105;8090;8089;7677;7651;7650;7648;7658;7651;7811;7728;7723;7717;7701;7622;7629;7629;7014;7243;7351;7643;7623;7624;7624;7619;7646;7579;7477;7541;7539;7544;7559;7647;7647;7673;7813;7685;7666;7764;7488;7592;7691;7680;7563;7568;7568;7799;7797;7931;7934;7933;7368;7240;7206;7148;7142;7131;7164;7164;7362;7367;7367;7362;7496;7496;7497;7493;7523;7444;7429;7491;7555;7751;7681;7710;7707;7457;7927;7911;7884;7937;7926;7926;7713;7680;7498;7207;7209;7207;7181;7170;7171;7166;7076;7933;7934;7935;7928;7928;7925;7921;7913;7912;7882;7881;7548;7548;7550;7562;7633;7306;7306;7588;7602;7576;7595;8634;8635;8809;8819;9040;9032;9057;9056;9055;9186;9161;9170;9174;9114;9130;9256;9261;9474;9500;9564;9492;9099;8936;8932;8938;9010;9030;8956;8629;8638;8420;8396;8360;8399;8396;8124;8122;8122;8098;8096;8073
Blake;9613;9629;9643;9611;9615;9631;9618;9648;9648;10135;10129;10045;10072;10105;10063;10042;9918;10011;10057;10059;10077;9943;10113;10113;10112;9241;9146;9124;9118;9328;9317;9316;9314;9298;9293;9310;9289;9274;9289;9299;9297;9328;9364;9107;9264;9375;9283;9337;9353;9353;9351;9431;9809;9752;10314;10320;10324;10297;10294;10293;10249;10321;10353;10371;10537;10604;10729;10655;10689;10961;10956;10955;11474;11474;11789;11787;11778;11769;11724;11478;11468;11463;11460;11291;11291;11276;11276;11275;11601;12116;12115;12111;12122;12146;11857;11876;11848;11847;11359;11342;11434;11410;11560;11877;11865;11902;11895;11918;11918;11942;11959;11727;11791;11780;11779;11777;12097;12090;12084;11993;12071;12074;12068;12067;12067;12068;12067;12108;12107;12219;12219;12226;12226;12335;12255;12390;12421;12446;12215;12196;12010;12053;11557;11555;11495;11499;11393;11389;11431;11430;11430;10900;10864;10833;10835;10828;10850;10935;10940;10742;10755;10656;10598;10559;10593;10587;10573;10672;10636;10372;10132;10109;10336;10465;10449;10439;10440;10304;10302;10305;10486;10478;10470
Timothy;6488;6463;6498;6486;6462;6401;6398;5723;5692;5896;5897;5753;5774;5725;5842;5874;5890;5881;5837;5840;5896;5842;5690;5715;5721;5906;5762;5771;5764;4600;4578;4577;4580;4620;4619;4703;4711;4679;4645;4589;4567;4580;4575;4959;5004;4930;4824;4800;4799;4799;4800;4818;4497;4636;4655;4671;4671;4699;4680;4678;4677;4357;4432;4445;4112;4518;4561;4536;4516;4931;4922;4922;4784;4783;4543;4572;4570;5433;5407;5339;5575;5574;5571;5485;5484;5637;5631;5630;5480;4964;4963;4966;4977;4918;5163;5160;5096;5023;5294;5194;5111;5123;5140;5216;5209;5267;5263;5344;5343;5103;5119;5085;4989;4987;4988;4981;4579;4585;4583;4447;4447;4448;4440;4413;4413;4412;4411;4315;4315;4326;4326;4082;4082;4195;4347;4376;4115;4160;4842;4877;4838;4879;5455;5455;5501;5466;5363;5407;5418;5417;5416;5267;5116;5051;5048;4829;4832;4465;4468;4397;4443;4498;4521;4624;4883;5013;4999;5021;4955;4928;4819;4833;4324;4873;4850;4845;4847;5660;5651;5647;5645;5653;5613
Ronald;9824;9779;9813;9801;9804;9782;9784;9396;9417;9698;9700;9784;9785;9675;9690;9708;9821;9915;10003;9998;10184;9712;9833;9868;9854;9925;10137;10168;10162;10888;10923;10923;10920;10910;10923;11026;10957;10958;10983;11025;11097;11096;11082;11084;11113;11147;11123;11059;11053;11053;11053;11067;11199;10883;10823;10846;10859;10885;10907;10907;10860;10814;10794;10793;11493;11158;11087;11233;11215;11189;11192;11190;11323;11324;11136;11142;11146;10929;10896;10840;10993;10997;10979;11135;11134;11260;11258;11258;11682;12196;12196;12196;12207;12258;12147;12156;12084;12169;11941;11899;12127;12142;11873;11211;11210;11927;11909;11896;11895;11856;11860;11911;11580;11580;11579;11575;11688;11695;11691;11721;11364;11356;11383;11381;11381;11385;11383;11394;11393;11430;11430;11286;11286;11371;11346;11342;11389;11510;11837;11821;11876;11919;12386;12386;12275;12252;12247;12253;12253;12253;12253;12057;12073;12081;12081;12086;12071;12218;12227;12106;12116;11925;11935;12132;11550;11629;11636;11714;11711;12052;11842;11828;12076;11949;11950;11931;11931;11604;11611;11608;11674;11696;11680
Shay;3091;3070;2962;2927;2938;2938;2921;2542;2583;2339;2337;2383;2446;2488;2468;2450;2319;2284;2239;2237;2258;2428;2256;2293;2286;1825;1834;1853;1856;1691;1655;1654;1654;1664;1661;1606;1569;1543;1546;1524;1535;1519;1574;1636;1647;1726;1456;1427;1449;1449;1450;1457;1785;1502;1422;1423;1427;1403;1452;1452;1440;1286;1234;1215;286;421;382;423;412;1201;1197;1196;497;496;659;666;679;919;1092;1179;1496;1486;1467;1631;1630;1653;1653;1653;1582;1465;1465;1466;1451;1503;1388;1361;1336;1408;2433;2332;2336;2321;2428;1730;1733;2031;2014;2041;2040;2030;2017;1895;1689;1685;1687;1666;1564;1565;1566;1651;2052;2056;2041;2035;2034;2031;2029;2004;2004;1970;1970;1794;1793;1784;1844;1967;1978;1907;1566;1531;1331;1348;163;162;350;344;337;325;346;345;344;249;91;130;135;69;62;470;459;140;141;117;151;491;601;720;721;668;684;1247;1114;1094;1918;1668;1724;1709;1709;2344;2355;2353;2306;2250;2283
Angelo;9949;9940;9873;10013;10005;10002;10041;10928;10925;10532;10531;10809;10724;10912;10764;10752;10785;10797;10832;10832;10849;11485;11701;11693;11691;12080;12101;12109;12108;11862;11834;11834;11834;11772;11783;11684;11727;11697;11666;11715;11805;11819;11828;12096;12190;12247;12155;12113;12125;12125;12122;12122;11805;11844;12028;12013;12016;12026;12034;12034;12056;11991;12080;12085;11979;12197;12156;11917;11902;12189;12192;12192;13174;13174;13202;13211;13206;13524;13635;13675;13649;13652;13656;13531;13531;13794;13796;13796;13829;13736;13735;13738;13740;13736;13634;13636;13595;13700;13366;13444;13612;13588;13860;14470;14476;14907;14935;14936;14936;14814;14837;14908;15063;15067;15065;15079;15577;15569;15564;15599;15644;15648;15628;15551;15550;15554;15554;15489;15488;15533;15533;15398;15398;15193;15138;15196;15113;15153;15786;15781;15837;15888;16341;16341;16553;16593;16525;16546;16549;16549;16549;16390;16273;16349;16349;16270;16282;16446;16425;16993;16924;17104;17091;16955;17025;17169;17178;17197;17188;16640;16369;16334;16511;16433;16438;16435;16433;17362;17359;17359;17312;17296;17290
Kincaid;6806;6824;6741;6942;6958;6965;7016;7753;7762;7687;7690;7429;7416;7238;7117;7153;7170;7231;7218;7220;7123;7096;7275;7270;7273;7463;7879;7861;7865;7184;7185;7184;7189;7209;7219;7287;7280;7321;7287;7292;7288;7292;7246;7914;7879;7937;8265;8278;8260;8259;8255;8302;8195;8138;8225;8225;8212;8210;8163;8162;8112;8018;7982;7992;7601;7580;7700;7790;7799;7971;7977;7977;8806;8807;8719;8727;8725;8505;8639;8729;8683;8681;8670;8541;8541;8253;8255;8254;8113;8272;8271;8270;8256;8253;8168;8167;8270;8226;8970;9241;9177;9176;9364;9193;9185;9154;9191;9234;9234;9472;9436;9250;9304;9302;9301;9300;9116;9114;9101;9407;9154;9153;9163;9147;9146;9142;9138;9115;9115;9064;9064;9164;9164;9436;9350;9348;9143;9131;9240;9259;8910;8923;9490;9490;9521;9440;9469;9475;9454;9453;9452;9208;9203;9236;9240;9281;9286;9100;9105;9442;9449;9416;9402;9291;9396;9358;9365;9406;9441;9262;9531;9504;9791;9873;9874;9894;9892;10026;10012;10015;10265;10263;10260
Couric;5403;5386;5077;4821;4810;4836;4851;4207;4216;4244;4242;4264;4318;4422;4526;4484;4392;4360;4403;4404;4466;4455;4401;4432;4441;4695;4820;4804;4805;3996;4055;4055;4053;4039;4044;4214;4166;4150;4167;4151;4135;4131;4131;4511;4247;4230;4438;4472;4405;4405;4404;4414;4053;3848;4381;4375;4383;4388;4364;4363;4300;4181;4115;4093;4559;4733;4810;4653;4677;4726;4721;4719;3771;3771;3668;3694;3704;3990;3753;3902;4045;4037;4043;4135;4134;4151;4152;4152;3893;3505;3505;3503;3516;3562;3676;3676;3829;3923;3780;3882;3822;3855;3913;3576;3576;2972;2999;3039;3038;2957;2988;3374;3408;3405;3405;3399;3427;3427;3421;3474;3241;3232;3228;3194;3194;3190;3192;3170;3169;3305;3304;3292;3291;3309;3337;3405;3532;3604;3870;3866;3825;3815;4061;4061;3896;3919;3897;3843;3892;3891;3890;3808;3722;3745;3740;3687;3703;3611;3621;3144;3151;3266;3284;3417;2985;3089;3097;3159;3141;3077;3029;3048;3272;3224;3197;3178;3181;3253;3253;3254;3171;3121;3143
Tecumseh;9994;10000;10046;10139;10138;10131;10154;10335;10348;10032;10034;10109;10076;10276;10238;10213;10360;10352;10392;10402;10578;10344;10311;10328;10318;10111;10228;10237;10229;10545;10572;10572;10571;10574;10575;10485;10451;10417;10418;10442;10357;10351;10327;9172;9086;9097;9212;9203;9137;9136;9134;9124;9320;9418;9433;9439;9432;9446;9461;9460;9449;9352;9368;9383;8500;8551;8536;8354;8309;8263;8266;8266;8503;8503;8389;8419;8409;8920;8910;9064;9232;9232;9227;9279;9277;8877;8874;8873;8848;8389;8389;8385;8409;8500;8502;8484;8640;8501;8399;8392;8492;8500;8315;8105;8104;8525;8563;8558;8558;8226;8262;8165;8154;8153;8152;8126;8220;8220;8222;8319;8025;8024;8007;8010;8009;8007;8009;8059;8059;8145;8145;8204;8203;8347;8259;8335;8223;8201;8403;8428;8470;8426;8653;8654;8671;8667;8394;8414;8408;8408;8407;7771;7840;7838;7829;7771;7781;7786;7753;7558;7577;7440;7451;7810;7505;7455;7447;7481;7504;7493;7401;7399;6905;6880;6903;6891;6891;7264;7258;7258;7427;7412;7440
Uriah;8311;8322;8382;8142;8146;8125;8110;7705;7701;7902;7898;7950;8071;8022;8000;8033;8152;8182;8199;8206;8190;8609;8828;8829;8828;9397;9368;9375;9377;9899;9960;9959;9958;9949;9938;9932;9923;9901;9913;9937;9953;9917;9916;9514;9506;9510;9436;9480;9448;9448;9443;9429;9571;9799;9965;9967;9960;9952;9923;9922;9914;9806;9818;9823;10186;10287;10334;10132;10129;10408;10407;10407;11313;11310;11109;11147;11147;11148;11214;11424;11406;11399;11407;11554;11553;11355;11360;11360;11539;11235;11234;11233;11222;11293;11113;11112;11328;11158;11440;11384;11393;11404;11327;11809;11824;11195;11142;11080;11080;10948;10975;10691;10830;10834;10831;10842;10688;10694;10691;10944;10460;10455;10486;10507;10506;10509;10509;10574;10573;10473;10473;10855;10854;10938;10997;11011;10835;10879;10502;10475;10179;10202;9427;9426;9263;9290;9470;9447;9459;9459;9459;9209;9156;9175;9165;9184;9171;9098;9110;9182;9167;9082;9084;8938;9027;9042;9033;8947;8915;9273;9487;9455;9395;9404;9406;9403;9399;9630;9618;9615;9502;9491;9450
Alfred;5147;5152;5024;4970;4963;5004;5019;5079;5076;4481;4477;4639;4585;4888;4871;4882;4926;4940;4980;4984;4992;5250;5220;5249;5252;4673;4179;4173;4173;4229;4253;4253;4252;4267;4254;4202;4240;4239;4248;4294;4349;4335;4349;4898;4925;4898;5029;5015;5047;5047;5041;5000;5426;5619;6021;6037;6033;6035;6025;6025;6040;6009;6084;6107;5281;5411;5382;5544;5552;5325;5324;5323;5142;5142;5492;5465;5474;5671;5652;5695;5983;5980;5958;6038;6038;5442;5438;5437;5614;5729;5728;5729;5716;5706;5672;5694;5795;5855;5621;5862;5856;5873;5866;5852;5842;6062;6096;6139;6139;6279;6236;6141;5964;5968;5967;5955;6483;6472;6457;6475;6728;6725;6706;6715;6715;6713;6712;6638;6637;6646;6646;6667;6666;6765;6694;6749;6925;6957;7288;7286;7567;7603;7267;7266;7147;7129;6962;6949;6973;6973;6972;6556;6511;6521;6518;6613;6596;6805;6807;6606;6638;6545;6548;6550;6454;6559;6553;6620;6620;6268;6018;6030;5688;5533;5487;5492;5492;5451;5450;5448;5302;5231;5212
Russell;8133;8089;7880;7816;7803;7841;7819;8589;8568;8841;8840;8926;8907;8812;8867;8912;8831;8719;8764;8763;8739;8982;9064;8987;8974;9126;9079;9086;9089;9534;9543;9542;9547;9525;9530;9583;9500;9510;9496;9483;9597;9606;9563;9006;9069;8922;9080;9073;9101;9100;9099;9089;8906;8712;8905;8905;8907;8913;8932;8931;9019;8932;8958;8959;10277;10581;10524;10415;10438;10440;10443;10442;10566;10566;9941;9963;9951;9981;9952;9797;9891;9890;9907;10027;10027;9970;9968;9967;10135;9936;9936;9937;9950;9947;10135;10146;10098;10221;10526;10426;10424;10402;10221;9656;9651;9798;9790;9839;9838;9501;9526;9661;9182;9180;9180;9168;8781;8781;8765;8815;8988;8984;8983;9015;9014;9016;9016;9038;9038;8936;8935;9092;9091;8989;9049;8973;8868;8888;8348;8317;8147;8162;8064;8067;7984;7974;8188;8185;8132;8131;8131;8131;8275;8248;8243;8247;8242;8224;8214;8645;8663;8457;8487;8862;8838;8738;8738;8734;8710;8816;9025;9015;9269;9136;9167;9166;9170;8747;8747;8744;8799;8853;8829
Scottie;1920;1939;1761;1887;1897;1881;1914;1937;1922;1603;1602;1646;1548;1528;1568;1598;1775;1756;1830;1838;1827;1503;1496;1467;1461;1576;1563;1548;1552;1760;1723;1723;1726;1730;1735;1797;1727;1737;1747;1732;1695;1676;1675;2285;2418;2408;2401;2369;2380;2380;2377;2417;2027;1865;1820;1806;1803;1785;1718;1717;1656;1722;1744;1726;1030;1025;958;1210;1208;908;910;910;580;580;724;694;682;878;858;765;1061;1062;1042;1031;1031;930;931;930;920;929;928;929;898;858;965;960;984;883;1871;1845;1785;1771;1531;1679;1662;1440;1457;1417;1416;1288;1298;1547;1445;1444;1445;1433;1415;1413;1411;1556;1249;1250;1245;1212;1212;1208;1207;1129;1128;1190;1189;1272;1272;1243;1216;1208;1269;1236;1650;1649;1575;1584;734;734;868;851;822;815;803;803;803;192;127;111;109;83;80;475;483;88;101;222;291;307;113;77;65;41;79;108;193;179;223;488;510;498;501;333;340;339;250;274;237